[
    {
        "speaker_id": 0,
        "chunk_ids": [
            0,
            1,
            2,
            9,
            10,
            11,
            12,
            13,
            26,
            27
        ]
    },
    {
        "speaker_id": 1,
        "chunk_ids": [
            0,
            1,
            2,
            3,
            4,
            5,
            6,
            7,
            8,
            9,
            10,
            11,
            12,
            13,
            14,
            15,
            16,
            17,
            18,
            19,
            20,
            21,
            22,
            23,
            24,
            25,
            26
        ]
    },
    {
        "speaker_id": 2,
        "chunk_ids": [
            0,
            2,
            23,
            27
        ]
    },
    {
        "speaker_id": 3,
        "chunk_ids": [
            0,
            1,
            15,
            16,
            17,
            19,
            20,
            21,
            22,
            23,
            25
        ]
    },
    {
        "speaker_id": 4,
        "chunk_ids": [
            2,
            3,
            4
        ]
    },
    {
        "speaker_id": 5,
        "chunk_ids": [
            3,
            4,
            17,
            18,
            19,
            25
        ]
    },
    {
        "speaker_id": 6,
        "chunk_ids": [
            4,
            5
        ]
    },
    {
        "speaker_id": 7,
        "chunk_ids": [
            5,
            6,
            7,
            8
        ]
    },
    {
        "speaker_id": 8,
        "chunk_ids": [
            13,
            23
        ]
    },
    {
        "speaker_id": 9,
        "chunk_ids": [
            8
        ]
    },
    {
        "speaker_id": 10,
        "chunk_ids": [
            8,
            25,
            26
        ]
    },
    {
        "speaker_id": 11,
        "chunk_ids": [
            8,
            9,
            10,
            11
        ]
    },
    {
        "speaker_id": 12,
        "chunk_ids": [
            13,
            24
        ]
    },
    {
        "speaker_id": 13,
        "chunk_ids": [
            13
        ]
    },
    {
        "speaker_id": 14,
        "chunk_ids": [
            13
        ]
    },
    {
        "speaker_id": 15,
        "chunk_ids": [
            13,
            14,
            15
        ]
    },
    {
        "speaker_id": 16,
        "chunk_ids": [
            13,
            14
        ]
    },
    {
        "speaker_id": 17,
        "chunk_ids": [
            14
        ]
    },
    {
        "speaker_id": 18,
        "chunk_ids": [
            17,
            18,
            19
        ]
    },
    {
        "speaker_id": 19,
        "chunk_ids": [
            17,
            18,
            19
        ]
    },
    {
        "speaker_id": 22,
        "chunk_ids": [
            21
        ]
    },
    {
        "speaker_id": 23,
        "chunk_ids": [
            23
        ]
    }
]