[
    {
        "speaker_id": 0,
        "chunk_ids": [
            0,
            1,
            2,
            3,
            6,
            7,
            8,
            9,
            10,
            11,
            12,
            14,
            15,
            16,
            17,
            18,
            19,
            20,
            21,
            22,
            23,
            24,
            25,
            26,
            27,
            28,
            29,
            32,
            33,
            34,
            35,
            39,
            40,
            41,
            42,
            48
        ]
    },
    {
        "speaker_id": 1,
        "chunk_ids": [
            0,
            4,
            10,
            11,
            27,
            43,
            47,
            48,
            49
        ]
    },
    {
        "speaker_id": 2,
        "chunk_ids": [
            0,
            32,
            44,
            45,
            46
        ]
    },
    {
        "speaker_id": 3,
        "chunk_ids": [
            0,
            4,
            17,
            28,
            44,
            49,
            50,
            51
        ]
    },
    {
        "speaker_id": 4,
        "chunk_ids": [
            0,
            10,
            24,
            28,
            32,
            41,
            47,
            49
        ]
    },
    {
        "speaker_id": 5,
        "chunk_ids": [
            0,
            1,
            2,
            3,
            4,
            5,
            6,
            7,
            8,
            9,
            10,
            11,
            12,
            13,
            14,
            15,
            16,
            17,
            18,
            19,
            20,
            21,
            22,
            23,
            24,
            25,
            26,
            27,
            28,
            29,
            30,
            31,
            32,
            33,
            34,
            35,
            36,
            37,
            38,
            39,
            40,
            41,
            42,
            43,
            44,
            45,
            46,
            47,
            48,
            49,
            50,
            51
        ]
    },
    {
        "speaker_id": 6,
        "chunk_ids": [
            2,
            3,
            19,
            22,
            27,
            35,
            38,
            41
        ]
    },
    {
        "speaker_id": 7,
        "chunk_ids": [
            3,
            5,
            44,
            45
        ]
    },
    {
        "speaker_id": 8,
        "chunk_ids": [
            4,
            6,
            7,
            13,
            20,
            39,
            44,
            45
        ]
    },
    {
        "speaker_id": 9,
        "chunk_ids": [
            4,
            9,
            10
        ]
    },
    {
        "speaker_id": 10,
        "chunk_ids": [
            5,
            7,
            36
        ]
    },
    {
        "speaker_id": 11,
        "chunk_ids": [
            5,
            15
        ]
    },
    {
        "speaker_id": 12,
        "chunk_ids": [
            5,
            15
        ]
    },
    {
        "speaker_id": 13,
        "chunk_ids": [
            11,
            12,
            13,
            36,
            37,
            38
        ]
    },
    {
        "speaker_id": 14,
        "chunk_ids": [
            22,
            23,
            24
        ]
    },
    {
        "speaker_id": 15,
        "chunk_ids": [
            27,
            28,
            29,
            30,
            31,
            35,
            36
        ]
    },
    {
        "speaker_id": 16,
        "chunk_ids": [
            28,
            29,
            30
        ]
    },
    {
        "speaker_id": 17,
        "chunk_ids": [
            28,
            29,
            30,
            32,
            38,
            45,
            47
        ]
    },
    {
        "speaker_id": 18,
        "chunk_ids": [
            32,
            33
        ]
    },
    {
        "speaker_id": 19,
        "chunk_ids": [
            33
        ]
    },
    {
        "speaker_id": 20,
        "chunk_ids": [
            35
        ]
    },
    {
        "speaker_id": 21,
        "chunk_ids": [
            36
        ]
    },
    {
        "speaker_id": 23,
        "chunk_ids": [
            38
        ]
    },
    {
        "speaker_id": 24,
        "chunk_ids": [
            38
        ]
    },
    {
        "speaker_id": 25,
        "chunk_ids": [
            40
        ]
    },
    {
        "speaker_id": 26,
        "chunk_ids": [
            41,
            43,
            44
        ]
    },
    {
        "speaker_id": 27,
        "chunk_ids": [
            41,
            42
        ]
    },
    {
        "speaker_id": 28,
        "chunk_ids": [
            42,
            43
        ]
    },
    {
        "speaker_id": 29,
        "chunk_ids": [
            42
        ]
    },
    {
        "speaker_id": 30,
        "chunk_ids": [
            46
        ]
    }
]