[
    {
        "speaker_id": 0,
        "chunk_ids": [
            0,
            1,
            2,
            3,
            4,
            5,
            6,
            7,
            8,
            9,
            10,
            11,
            12,
            13,
            14,
            15,
            16,
            17,
            18,
            19,
            20,
            21,
            22,
            23,
            24,
            25,
            26,
            27
        ]
    },
    {
        "speaker_id": 1,
        "chunk_ids": [
            1,
            11,
            27
        ]
    },
    {
        "speaker_id": 2,
        "chunk_ids": [
            2,
            8,
            11,
            12,
            14,
            20
        ]
    },
    {
        "speaker_id": 3,
        "chunk_ids": [
            3,
            5,
            6,
            11,
            12,
            13,
            14,
            17,
            20,
            25
        ]
    },
    {
        "speaker_id": 4,
        "chunk_ids": [
            3,
            4
        ]
    },
    {
        "speaker_id": 5,
        "chunk_ids": [
            4
        ]
    },
    {
        "speaker_id": 7,
        "chunk_ids": [
            5,
            10,
            11,
            13,
            14,
            17,
            20
        ]
    },
    {
        "speaker_id": 8,
        "chunk_ids": [
            6,
            7
        ]
    },
    {
        "speaker_id": 9,
        "chunk_ids": [
            7,
            8,
            9,
            10
        ]
    },
    {
        "speaker_id": 10,
        "chunk_ids": [
            11,
            12,
            13
        ]
    },
    {
        "speaker_id": 11,
        "chunk_ids": [
            15,
            16,
            17
        ]
    },
    {
        "speaker_id": 12,
        "chunk_ids": [
            15,
            16,
            20,
            21,
            22
        ]
    },
    {
        "speaker_id": 13,
        "chunk_ids": [
            17,
            18,
            23,
            24,
            25,
            26,
            27
        ]
    },
    {
        "speaker_id": 14,
        "chunk_ids": [
            17,
            18,
            19
        ]
    },
    {
        "speaker_id": 15,
        "chunk_ids": [
            19
        ]
    },
    {
        "speaker_id": 16,
        "chunk_ids": [
            22
        ]
    },
    {
        "speaker_id": 17,
        "chunk_ids": [
            23
        ]
    },
    {
        "speaker_id": 18,
        "chunk_ids": [
            24,
            25
        ]
    }
]