[
    {
        "speaker_id": 0,
        "chunk_ids": [
            0,
            1,
            2,
            3,
            4,
            5,
            6,
            7,
            8,
            9,
            10,
            11,
            12,
            13,
            14,
            15,
            16,
            17,
            18,
            19,
            20,
            21,
            22,
            23,
            24,
            25,
            26
        ]
    },
    {
        "speaker_id": 1,
        "chunk_ids": [
            0,
            3,
            10,
            11,
            13,
            14,
            15,
            16,
            20,
            21
        ]
    },
    {
        "speaker_id": 2,
        "chunk_ids": [
            0
        ]
    },
    {
        "speaker_id": 3,
        "chunk_ids": [
            0,
            2,
            4,
            5,
            6,
            8,
            9,
            11,
            12,
            13
        ]
    },
    {
        "speaker_id": 4,
        "chunk_ids": [
            0,
            7,
            8,
            11,
            16,
            26
        ]
    },
    {
        "speaker_id": 5,
        "chunk_ids": [
            0,
            16,
            21,
            22
        ]
    },
    {
        "speaker_id": 6,
        "chunk_ids": [
            0,
            22
        ]
    },
    {
        "speaker_id": 7,
        "chunk_ids": [
            0,
            4,
            11,
            22,
            23,
            26,
            27
        ]
    },
    {
        "speaker_id": 8,
        "chunk_ids": [
            0
        ]
    },
    {
        "speaker_id": 9,
        "chunk_ids": [
            0
        ]
    },
    {
        "speaker_id": 10,
        "chunk_ids": [
            1,
            9,
            10,
            15
        ]
    },
    {
        "speaker_id": 11,
        "chunk_ids": [
            1,
            5,
            6,
            13,
            16
        ]
    },
    {
        "speaker_id": 12,
        "chunk_ids": [
            1
        ]
    },
    {
        "speaker_id": 13,
        "chunk_ids": [
            2,
            3,
            12,
            14
        ]
    },
    {
        "speaker_id": 14,
        "chunk_ids": [
            3,
            4,
            5,
            7,
            16,
            18
        ]
    },
    {
        "speaker_id": 16,
        "chunk_ids": [
            6,
            7,
            14,
            15,
            18,
            19,
            20,
            24,
            25
        ]
    },
    {
        "speaker_id": 17,
        "chunk_ids": [
            8,
            11,
            13,
            14,
            17
        ]
    },
    {
        "speaker_id": 18,
        "chunk_ids": [
            8,
            9,
            11,
            14,
            15,
            16,
            23
        ]
    },
    {
        "speaker_id": 19,
        "chunk_ids": [
            9,
            10
        ]
    },
    {
        "speaker_id": 20,
        "chunk_ids": [
            11,
            12,
            17
        ]
    },
    {
        "speaker_id": 21,
        "chunk_ids": [
            13,
            17
        ]
    },
    {
        "speaker_id": 22,
        "chunk_ids": [
            17
        ]
    },
    {
        "speaker_id": 23,
        "chunk_ids": [
            21
        ]
    },
    {
        "speaker_id": 24,
        "chunk_ids": [
            22,
            24,
            25
        ]
    },
    {
        "speaker_id": 25,
        "chunk_ids": [
            23,
            24,
            25
        ]
    },
    {
        "speaker_id": 26,
        "chunk_ids": [
            23
        ]
    },
    {
        "speaker_id": 27,
        "chunk_ids": [
            25
        ]
    },
    {
        "speaker_id": 28,
        "chunk_ids": [
            26
        ]
    },
    {
        "speaker_id": 29,
        "chunk_ids": [
            26
        ]
    }
]