[
    {
        "speaker_id": 0,
        "chunk_ids": [
            0,
            1,
            2,
            3,
            4,
            5,
            6,
            7,
            8,
            9,
            10,
            11,
            12,
            13,
            14,
            15,
            16,
            17,
            18,
            19,
            20,
            21,
            22,
            23,
            24,
            25
        ]
    },
    {
        "speaker_id": 1,
        "chunk_ids": [
            0,
            1
        ]
    },
    {
        "speaker_id": 2,
        "chunk_ids": [
            0,
            1,
            4,
            19
        ]
    },
    {
        "speaker_id": 3,
        "chunk_ids": [
            0,
            4,
            16,
            17,
            24,
            25
        ]
    },
    {
        "speaker_id": 4,
        "chunk_ids": [
            0,
            12,
            17,
            20
        ]
    },
    {
        "speaker_id": 5,
        "chunk_ids": [
            2,
            4,
            5,
            6,
            7,
            9,
            10,
            13,
            15
        ]
    },
    {
        "speaker_id": 6,
        "chunk_ids": [
            2,
            5,
            6,
            8,
            10
        ]
    },
    {
        "speaker_id": 7,
        "chunk_ids": [
            2,
            6,
            21
        ]
    },
    {
        "speaker_id": 8,
        "chunk_ids": [
            3,
            4,
            5,
            7,
            8,
            9,
            11,
            12,
            13,
            17,
            18,
            19,
            22,
            23,
            24
        ]
    },
    {
        "speaker_id": 9,
        "chunk_ids": [
            4
        ]
    },
    {
        "speaker_id": 11,
        "chunk_ids": [
            6
        ]
    },
    {
        "speaker_id": 12,
        "chunk_ids": [
            6,
            7
        ]
    },
    {
        "speaker_id": 13,
        "chunk_ids": [
            9
        ]
    },
    {
        "speaker_id": 14,
        "chunk_ids": [
            10,
            11,
            17,
            18
        ]
    },
    {
        "speaker_id": 15,
        "chunk_ids": [
            14,
            15
        ]
    },
    {
        "speaker_id": 16,
        "chunk_ids": [
            14,
            15,
            16,
            17
        ]
    },
    {
        "speaker_id": 17,
        "chunk_ids": [
            15,
            16
        ]
    },
    {
        "speaker_id": 18,
        "chunk_ids": [
            19,
            20
        ]
    },
    {
        "speaker_id": 19,
        "chunk_ids": [
            19,
            20
        ]
    },
    {
        "speaker_id": 20,
        "chunk_ids": [
            20,
            21
        ]
    },
    {
        "speaker_id": 21,
        "chunk_ids": [
            22
        ]
    },
    {
        "speaker_id": 22,
        "chunk_ids": [
            22
        ]
    },
    {
        "speaker_id": 23,
        "chunk_ids": [
            24
        ]
    },
    {
        "speaker_id": 24,
        "chunk_ids": [
            24
        ]
    },
    {
        "speaker_id": 25,
        "chunk_ids": [
            24
        ]
    }
]