[
    {
        "speaker_id": 0,
        "chunk_ids": [
            0
        ]
    },
    {
        "speaker_id": 1,
        "chunk_ids": [
            0,
            1,
            2,
            3,
            4,
            5,
            6,
            7,
            8,
            9,
            10,
            11,
            12,
            13,
            14,
            15,
            16,
            17,
            18,
            19,
            20,
            21,
            22
        ]
    },
    {
        "speaker_id": 2,
        "chunk_ids": [
            0,
            1,
            2,
            3,
            8,
            11,
            12
        ]
    },
    {
        "speaker_id": 3,
        "chunk_ids": [
            16
        ]
    },
    {
        "speaker_id": 4,
        "chunk_ids": [
            7
        ]
    },
    {
        "speaker_id": 5,
        "chunk_ids": [
            4,
            5,
            6,
            7,
            8,
            9,
            10,
            11,
            12,
            13,
            14,
            15
        ]
    },
    {
        "speaker_id": 6,
        "chunk_ids": [
            9,
            10,
            16,
            18,
            19,
            20,
            22
        ]
    },
    {
        "speaker_id": 7,
        "chunk_ids": [
            19
        ]
    },
    {
        "speaker_id": 8,
        "chunk_ids": [
            20,
            21,
            22
        ]
    }
]