[
    {
        "speaker_id": 0,
        "chunk_ids": [
            0,
            1,
            21,
            22,
            25
        ]
    },
    {
        "speaker_id": 1,
        "chunk_ids": [
            0,
            1,
            2,
            3,
            4,
            5,
            6,
            7,
            8,
            9,
            10,
            11,
            12,
            13,
            14,
            15,
            16,
            17,
            18,
            20,
            21,
            22,
            23,
            24,
            25,
            26,
            27,
            28,
            29
        ]
    },
    {
        "speaker_id": 2,
        "chunk_ids": [
            1
        ]
    },
    {
        "speaker_id": 3,
        "chunk_ids": [
            1,
            7,
            8,
            9,
            10,
            11
        ]
    },
    {
        "speaker_id": 4,
        "chunk_ids": [
            1
        ]
    },
    {
        "speaker_id": 5,
        "chunk_ids": [
            1
        ]
    },
    {
        "speaker_id": 6,
        "chunk_ids": [
            2,
            11
        ]
    },
    {
        "speaker_id": 7,
        "chunk_ids": [
            2
        ]
    },
    {
        "speaker_id": 8,
        "chunk_ids": [
            2,
            6,
            10,
            11,
            12,
            14,
            15,
            17,
            22
        ]
    },
    {
        "speaker_id": 9,
        "chunk_ids": [
            2,
            3,
            6,
            7,
            8,
            12,
            13,
            15,
            16,
            17,
            18,
            23,
            25,
            26,
            29
        ]
    },
    {
        "speaker_id": 10,
        "chunk_ids": [
            3,
            7,
            13,
            16,
            17,
            22
        ]
    },
    {
        "speaker_id": 11,
        "chunk_ids": [
            3,
            13,
            16,
            17,
            22,
            23
        ]
    },
    {
        "speaker_id": 12,
        "chunk_ids": [
            3,
            4,
            5
        ]
    },
    {
        "speaker_id": 13,
        "chunk_ids": [
            5
        ]
    },
    {
        "speaker_id": 14,
        "chunk_ids": [
            5,
            6,
            7,
            10,
            25
        ]
    },
    {
        "speaker_id": 15,
        "chunk_ids": [
            11
        ]
    },
    {
        "speaker_id": 16,
        "chunk_ids": [
            12
        ]
    },
    {
        "speaker_id": 17,
        "chunk_ids": [
            13,
            14,
            15
        ]
    },
    {
        "speaker_id": 18,
        "chunk_ids": [
            15,
            25,
            26,
            27,
            28
        ]
    },
    {
        "speaker_id": 19,
        "chunk_ids": [
            17,
            18,
            19,
            20,
            21,
            22
        ]
    },
    {
        "speaker_id": 20,
        "chunk_ids": [
            18,
            19,
            20,
            21,
            22,
            29
        ]
    },
    {
        "speaker_id": 21,
        "chunk_ids": [
            21,
            23,
            24,
            25
        ]
    },
    {
        "speaker_id": 22,
        "chunk_ids": [
            25
        ]
    },
    {
        "speaker_id": 23,
        "chunk_ids": [
            25
        ]
    },
    {
        "speaker_id": 24,
        "chunk_ids": [
            29
        ]
    }
]