[
    {
        "speaker_id": 0,
        "chunk_ids": [
            0,
            1,
            2,
            3,
            4,
            5,
            6,
            7,
            8,
            9,
            10,
            11,
            12,
            13,
            14,
            15,
            16,
            17,
            18,
            19,
            20,
            21,
            22,
            23,
            24,
            26
        ]
    },
    {
        "speaker_id": 1,
        "chunk_ids": [
            0,
            1,
            2,
            3,
            4,
            15
        ]
    },
    {
        "speaker_id": 2,
        "chunk_ids": [
            0,
            1,
            4,
            5,
            15,
            19,
            25,
            26
        ]
    },
    {
        "speaker_id": 3,
        "chunk_ids": [
            0,
            20
        ]
    },
    {
        "speaker_id": 4,
        "chunk_ids": [
            0,
            1,
            8,
            15,
            24,
            25,
            26
        ]
    },
    {
        "speaker_id": 5,
        "chunk_ids": [
            1,
            26
        ]
    },
    {
        "speaker_id": 6,
        "chunk_ids": [
            2,
            21
        ]
    },
    {
        "speaker_id": 7,
        "chunk_ids": [
            3,
            4,
            6,
            14
        ]
    },
    {
        "speaker_id": 8,
        "chunk_ids": [
            4
        ]
    },
    {
        "speaker_id": 9,
        "chunk_ids": [
            4,
            14,
            17
        ]
    },
    {
        "speaker_id": 10,
        "chunk_ids": [
            4,
            6,
            10,
            11,
            18,
            19
        ]
    },
    {
        "speaker_id": 11,
        "chunk_ids": [
            8,
            26
        ]
    },
    {
        "speaker_id": 12,
        "chunk_ids": [
            5,
            6,
            7
        ]
    },
    {
        "speaker_id": 13,
        "chunk_ids": [
            5,
            25,
            26
        ]
    },
    {
        "speaker_id": 14,
        "chunk_ids": [
            6,
            9,
            11,
            12
        ]
    },
    {
        "speaker_id": 15,
        "chunk_ids": [
            7
        ]
    },
    {
        "speaker_id": 16,
        "chunk_ids": [
            8,
            9,
            10,
            12,
            15,
            16
        ]
    },
    {
        "speaker_id": 17,
        "chunk_ids": [
            11
        ]
    },
    {
        "speaker_id": 18,
        "chunk_ids": [
            13,
            14,
            15,
            16
        ]
    },
    {
        "speaker_id": 19,
        "chunk_ids": [
            15,
            17,
            18,
            19,
            24
        ]
    },
    {
        "speaker_id": 20,
        "chunk_ids": [
            18
        ]
    },
    {
        "speaker_id": 21,
        "chunk_ids": [
            18,
            19
        ]
    },
    {
        "speaker_id": 22,
        "chunk_ids": [
            19
        ]
    },
    {
        "speaker_id": 23,
        "chunk_ids": [
            19
        ]
    },
    {
        "speaker_id": 24,
        "chunk_ids": [
            19,
            21,
            22,
            23,
            24
        ]
    },
    {
        "speaker_id": 25,
        "chunk_ids": [
            19,
            20
        ]
    },
    {
        "speaker_id": 26,
        "chunk_ids": [
            20
        ]
    },
    {
        "speaker_id": 27,
        "chunk_ids": [
            21
        ]
    },
    {
        "speaker_id": 28,
        "chunk_ids": [
            24
        ]
    },
    {
        "speaker_id": 29,
        "chunk_ids": [
            25
        ]
    },
    {
        "speaker_id": 30,
        "chunk_ids": [
            25
        ]
    },
    {
        "speaker_id": 31,
        "chunk_ids": [
            25
        ]
    },
    {
        "speaker_id": 32,
        "chunk_ids": [
            26
        ]
    }
]